Date,tsla,meta,goog,amzn,nflx,gbtc,gdx,intc,dal,c
2023-01-03 00:00:00-05:00,108.0999984741211,124.26531219482422,89.37885284423828,85.81999969482422,294.95001220703125,8.199999809265137,28.842233657836914,25.775142669677734,32.105247497558594,41.89805221557617
2023-01-04 00:00:00-05:00,113.63999938964844,126.88530731201172,88.39239501953125,85.13999938964844,309.4100036621094,8.380000114440918,30.06749153137207,26.69120979309082,33.857688903808594,42.97798538208008
2023-01-05 00:00:00-05:00,110.33999633789062,126.45694732666016,86.45933532714844,83.12000274658203,309.70001220703125,8.449999809265137,29.804935455322266,26.57549476623535,34.684696197509766,42.78580856323242
2023-01-06 00:00:00-05:00,113.05999755859375,129.5252227783203,87.84437561035156,86.08000183105469,315.54998779296875,8.649999618530273,30.689847946166992,27.703699111938477,35.47230911254883,43.298316955566406
2023-01-09 00:00:00-05:00,119.7699966430664,128.97732543945312,88.48208618164062,87.36000061035156,315.1700134277344,9.649999618530273,30.39811897277832,28.262981414794922,36.20085525512695,43.508811950683594
2023-01-10 00:00:00-05:00,118.8499984741211,132.48391723632812,88.92049407958984,89.87000274658203,327.5400085449219,9.880000114440918,30.962127685546875,28.388338088989258,37.500423431396484,44.10369873046875
2023-01-11 00:00:00-05:00,123.22000122070312,132.38430786132812,91.9296875,95.08999633789062,327.260009765625,9.800000190734863,30.69957160949707,28.783693313598633,37.58903503417969,44.57960510253906
2023-01-12 00:00:00-05:00,123.55999755859375,136.18975830078125,91.58094024658203,95.2699966430664,330.1300048828125,10.489999771118164,31.292753219604492,29.207977294921875,38.98705291748047,44.9273796081543
2023-01-13 00:00:00-05:00,122.4000015258789,136.45872497558594,92.4677505493164,98.12000274658203,332.82000732421875,11.319999694824219,31.749797821044922,29.034404754638672,37.60872268676758,45.68699645996094
2023-01-17 00:00:00-05:00,131.49000549316406,134.8448944091797,91.83004760742188,96.05000305175781,326.2200012207031,11.720000267028809,30.650951385498047,28.54262351989746,37.66779327392578,46.0439338684082
2023-01-18 00:00:00-05:00,128.77999877929688,132.51380920410156,91.45140838623047,95.45999908447266,326.3299865722656,10.829999923706055,30.349496841430664,27.78084373474121,37.78593826293945,45.23855209350586
2023-01-19 00:00:00-05:00,127.16999816894531,135.63189697265625,93.57378387451172,93.68000030517578,315.7799987792969,11.460000038146973,31.137165069580078,27.404773712158203,37.75640106201172,45.18363952636719
2023-01-20 00:00:00-05:00,133.4199981689453,138.83963012695312,98.92455291748047,97.25,342.5,12.180000305175781,31.526134490966797,28.176197052001953,38.425872802734375,46.757789611816406
2023-01-23 00:00:00-05:00,143.75,142.72479248046875,100.84764099121094,97.5199966430664,357.4200134277344,12.279999732971191,31.506689071655273,29.188690185546875,38.475101470947266,47.572322845458984
2023-01-24 00:00:00-05:00,143.88999938964844,142.5952911376953,98.85480499267578,96.31999969482422,363.8299865722656,11.970000267028809,31.82758903503418,28.851192474365234,38.19942855834961,47.05980682373047
2023-01-25 00:00:00-05:00,144.42999267578125,140.96153259277344,96.38368225097656,97.18000030517578,367.9599914550781,12.109999656677246,32.352699279785156,28.639049530029297,38.77046203613281,47.49911117553711
2023-01-26 00:00:00-05:00,160.27000427246094,146.73948669433594,98.80498504638672,99.22000122070312,364.8699951171875,12.239999771118164,31.856760025024414,29.015117645263672,38.61293411254883,47.76451110839844
2023-01-27 00:00:00-05:00,177.89999389648438,151.16256713867188,100.34942626953125,102.23999786376953,360.7699890136719,12.359999656677246,31.419170379638672,27.15406036376953,38.13051986694336,47.462501525878906
2023-01-30 00:00:00-05:00,166.66000366210938,146.5003662109375,97.59931182861328,100.55000305175781,353.1099853515625,11.890000343322754,30.952404022216797,26.951566696166992,37.80562973022461,47.3618278503418
2023-01-31 00:00:00-05:00,173.22000122070312,148.40310668945312,99.51244354248047,103.12999725341797,353.8599853515625,12.149999618530273,31.137165069580078,27.25048828125,38.494789123535156,47.79197311401367
2023-02-01 00:00:00-05:00,181.41000366210938,152.5373077392578,101.06684875488281,105.1500015258789,361.989990234375,12.649999618530273,31.837316513061523,28.031557083129883,39.272560119628906,47.7279052734375
2023-02-02 00:00:00-05:00,188.27000427246094,188.05165100097656,108.41046905517578,112.91000366210938,366.8900146484375,12.930000305175781,30.845436096191406,29.111547470092773,39.282413482666016,47.79197311401367
2023-02-03 00:00:00-05:00,189.97999572753906,185.82017517089844,104.8432846069336,103.38999938964844,365.8999938964844,12.319999694824219,29.48403549194336,29.236902236938477,38.96736145019531,47.089561462402344
2023-02-06 00:00:00-05:00,194.75999450683594,185.35195922851562,103.09955596923828,102.18000030517578,361.4800109863281,11.930000305175781,29.37706756591797,28.002227783203125,39.02643966674805,47.006378173828125
2023-02-07 00:00:00-05:00,196.80999755859375,190.89080810546875,107.65319061279297,102.11000061035156,362.95001220703125,12.149999618530273,29.78548812866211,28.353593826293945,38.97720718383789,47.255924224853516
2023-02-08 00:00:00-05:00,201.2899932861328,182.73196411132812,99.64197540283203,100.05000305175781,366.8299865722656,11.75,29.532657623291016,27.56301498413086,38.82952880859375,47.2744026184082
2023-02-09 00:00:00-05:00,207.32000732421875,177.24293518066406,95.11823272705078,98.23999786376953,362.5,10.630000114440918,28.939476013183594,27.06524085998535,38.40618133544922,46.19305419921875
2023-02-10 00:00:00-05:00,196.88999938964844,173.48728942871094,94.52037811279297,97.61000061035156,347.3599853515625,10.670000076293945,28.803335189819336,27.133560180664062,37.57918167114258,46.313209533691406
2023-02-13 00:00:00-05:00,194.63999938964844,178.7471923828125,94.65987396240234,99.54000091552734,358.57000732421875,10.390000343322754,28.76443862915039,27.865583419799805,38.002532958984375,47.135772705078125
2023-02-14 00:00:00-05:00,209.25,178.79701232910156,94.61005401611328,99.69999694824219,359.9599914550781,10.850000381469727,28.822784423828125,27.95342445373535,38.494789123535156,47.699546813964844
2023-02-15 00:00:00-05:00,214.24000549316406,176.48582458496094,96.75235748291016,101.16000366210938,361.4200134277344,12.170000076293945,27.996219635009766,28.15839385986328,38.4160270690918,47.89363098144531
2023-02-16 00:00:00-05:00,202.0399932861328,171.7838134765625,95.43708038330078,98.1500015258789,350.7099914550781,11.890000343322754,27.87952995300293,27.523975372314453,37.687477111816406,47.560916900634766
2023-02-17 00:00:00-05:00,208.30999755859375,172.2221221923828,94.2513427734375,97.19999694824219,347.9599914550781,12.199999809265137,27.626697540283203,26.948116302490234,37.7662467956543,47.52394485473633
2023-02-21 00:00:00-05:00,197.3699951171875,171.4251708984375,91.72045135498047,94.58000183105469,337.5,11.880000114440918,27.33496856689453,25.43527603149414,36.5257453918457,46.063655853271484
2023-02-22 00:00:00-05:00,200.86000061035156,170.46881103515625,91.47134399414062,95.79000091552734,334.8800048828125,11.579999923706055,26.693166732788086,24.859418869018555,36.4371452331543,46.24850845336914
2023-02-23 00:00:00-05:00,202.07000732421875,171.3853302001953,90.74394989013672,95.81999969482422,323.6499938964844,11.890000343322754,26.557025909423828,24.996063232421875,36.9490966796875,46.562744140625
2023-02-24 00:00:00-05:00,196.8800048828125,169.74159240722656,89.03010559082031,93.5,317.1499938964844,11.460000038146973,26.245847702026367,24.537330627441406,36.78172302246094,46.377906799316406
2023-02-27 00:00:00-05:00,207.6300048828125,168.8948211669922,89.77742004394531,93.76000213623047,323.0299987792969,11.489999771118164,26.45005989074707,24.303081512451172,37.254295349121094,46.645931243896484
2023-02-28 00:00:00-05:00,205.7100067138672,174.2742919921875,89.9767074584961,94.2300033569336,322.1300048828125,11.539999961853027,26.75151252746582,24.332365036010742,37.746559143066406,46.84925842285156
2023-03-01 00:00:00-05:00,202.77000427246094,172.7600555419922,90.18595123291016,92.16999816894531,313.4800109863281,11.510000228881836,27.33496856689453,24.7227725982666,37.91392135620117,47.5978889465332
2023-03-02 00:00:00-05:00,190.89999389648438,173.86582946777344,91.97950744628906,92.12999725341797,311.8800048828125,11.510000228881836,27.393314361572266,25.571916580200195,37.8253173828125,47.50545883178711
2023-03-03 00:00:00-05:00,197.7899932861328,184.54505920410156,93.68338012695312,94.9000015258789,315.17999267578125,11.25,27.84063148498535,25.767126083374023,38.248661041259766,48.383480072021484
2023-03-06 00:00:00-05:00,193.80999755859375,184.19638061523438,95.23780059814453,93.75,312.0299987792969,11.770000457763672,27.305795669555664,25.366952896118164,37.86470031738281,48.22636032104492
2023-03-07 00:00:00-05:00,187.7100067138672,183.807861328125,93.83283996582031,93.55000305175781,308.4700012207031,12.899999618530273,26.148605346679688,24.917980194091797,38.46525573730469,47.209712982177734
2023-03-08 00:00:00-05:00,182.0,184.26611328125,94.3111343383789,93.91999816894531,311.7900085449219,13.239999771118164,26.070810317993164,25.35719108581543,39.11503982543945,46.84001922607422
2023-03-09 00:00:00-05:00,172.9199981689453,180.99859619140625,92.32826232910156,92.25,297.7799987792969,11.800000190734863,25.94439697265625,25.80616569519043,37.89423370361328,44.9176139831543
2023-03-10 00:00:00-05:00,173.44000244140625,178.82688903808594,90.68416595458984,90.7300033569336,292.760009765625,11.229999542236328,26.45005989074707,26.56746482849121,36.673423767089844,44.67731475830078
2023-03-13 00:00:00-04:00,174.47999572753906,180.2115936279297,91.33184051513672,92.43000030517578,293.510009765625,12.649999618530273,28.29767417907715,26.303939819335938,35.12773132324219,41.35008239746094
2023-03-14 00:00:00-04:00,183.25999450683594,193.28167724609375,93.91256713867188,94.87999725341797,294.94000244140625,13.489999771118164,28.521331787109375,27.33852767944336,34.92098617553711,43.808536529541016
2023-03-15 00:00:00-04:00,180.4499969482422,196.99749755859375,96.20433044433594,96.19999694824219,303.7900085449219,13.270000457763672,28.521331787109375,27.728939056396484,32.71565628051758,41.42402648925781
2023-03-16 00:00:00-04:00,184.1300048828125,204.150146484375,100.70814514160156,100.04000091552734,310.05999755859375,14.050000190734863,28.356019973754883,29.456506729125977,33.18822479248047,42.16341018676758
2023-03-17 00:00:00-04:00,180.1300048828125,194.86563110351562,102.0931625366211,98.94999694824219,303.5,15.430000305175781,29.736865997314453,29.09537696838379,32.4498291015625,40.897212982177734
2023-03-20 00:00:00-04:00,183.25,197.05726623535156,101.5650634765625,97.70999908447266,305.1300048828125,16.0,30.252254486083984,28.460960388183594,32.627044677734375,40.74933624267578
2023-03-21 00:00:00-04:00,197.5800018310547,201.3907012939453,105.4610595703125,100.61000061035156,305.7900085449219,16.0,29.17285919189453,27.777740478515625,33.36543273925781,41.65507125854492
2023-03-22 00:00:00-04:00,191.14999389648438,199.0496368408203,103.84687042236328,98.69999694824219,293.8999938964844,15.079999923706055,29.717418670654297,27.455650329589844,32.26277160644531,40.398128509521484
2023-03-23 00:00:00-04:00,192.22000122070312,203.5026397705078,105.87957000732422,98.70999908447266,320.3699951171875,16.100000381469727,30.446739196777344,28.334075927734375,31.64252281188965,40.15782928466797
2023-03-24 00:00:00-04:00,190.41000366210938,205.22604370117188,105.6802749633789,98.12999725341797,328.3900146484375,16.0,30.68012237548828,28.656164169311523,31.101036071777344,39.843589782714844
2023-03-27 00:00:00-04:00,191.80999755859375,202.06809997558594,102.69100952148438,98.04000091552734,327.6600036621094,15.229999542236328,30.650951385498047,28.480480194091797,31.632678985595703,41.387046813964844
2023-03-28 00:00:00-04:00,189.19000244140625,199.9163360595703,100.99710845947266,97.23999786376953,323.5199890136719,15.609999656677246,31.419170379638672,28.587844848632812,31.9674129486084,41.79371643066406
2023-03-29 00:00:00-04:00,193.8800048828125,204.5685577392578,101.5351791381836,100.25,332.0299987792969,15.84000015258789,31.156614303588867,30.764385223388672,32.804256439208984,42.468406677246094
2023-03-30 00:00:00-04:00,195.27999877929688,207.049072265625,100.9572525024414,102.0,338.42999267578125,15.819999694824219,31.623380661010742,31.320716857910156,33.582027435302734,42.57931137084961
2023-03-31 00:00:00-04:00,207.4600067138672,211.13348388671875,103.6276626586914,103.29000091552734,345.4800109863281,16.360000610351562,31.458065032958984,31.88681411743164,34.379486083984375,43.3371696472168
2023-04-03 00:00:00-04:00,194.77000427246094,212.2592010498047,104.5344009399414,102.41000366210938,348.2799987792969,16.049999237060547,32.16794204711914,32.101539611816406,33.857688903808594,43.17082214355469
2023-04-04 00:00:00-04:00,192.5800018310547,213.90289306640625,104.74365234375,103.94999694824219,346.75,15.960000038146973,33.24733352661133,32.30649948120117,33.39496994018555,42.59779739379883
2023-04-05 00:00:00-04:00,185.52000427246094,210.67523193359375,104.57424926757812,101.0999984741211,342.3500061035156,16.190000534057617,33.3931999206543,32.04298400878906,32.94208526611328,42.302040100097656
2023-04-06 00:00:00-04:00,185.05999755859375,215.2776641845703,108.5101089477539,102.05999755859375,339.3299865722656,16.209999084472656,33.48072052001953,32.023460388183594,33.16852951049805,42.38522720336914
2023-04-10 00:00:00-04:00,184.50999450683594,213.93280029296875,106.56708526611328,102.16999816894531,338.989990234375,17.139999389648438,33.052852630615234,31.740413665771484,33.44419860839844,42.995216369628906
2023-04-11 00:00:00-04:00,186.7899932861328,213.03622436523438,105.74006652832031,99.91999816894531,338.2099914550781,17.719999313354492,33.626583099365234,31.57448387145996,34.04475402832031,43.623695373535156
2023-04-12 00:00:00-04:00,180.5399932861328,213.1856231689453,104.8432846069336,97.83000183105469,331.0299987792969,17.06999969482422,33.95720291137695,31.252399444580078,33.21775817871094,43.364906311035156
2023-04-13 00:00:00-04:00,185.89999389648438,219.511474609375,107.80266571044922,102.4000015258789,346.19000244140625,17.700000762939453,34.881011962890625,31.359760284423828,32.85348129272461,43.71611404418945
2023-04-14 00:00:00-04:00,185.0,220.6471405029297,109.06810760498047,102.51000213623047,338.6300048828125,17.43000030517578,34.122520446777344,31.125513076782227,33.24728775024414,45.80488204956055
2023-04-17 00:00:00-04:00,187.0399932861328,218.02716064453125,106.03899383544922,102.73999786376953,332.7200012207031,16.809999465942383,33.35430145263672,31.36952018737793,34.05459976196289,45.925025939941406
2023-04-18 00:00:00-04:00,184.30999755859375,217.06085205078125,104.74365234375,102.30000305175781,333.70001220703125,17.139999389648438,33.597408294677734,31.066951751708984,34.812679290771484,46.28548049926758
2023-04-19 00:00:00-04:00,180.58999633789062,214.87916564941406,104.64400482177734,104.30000305175781,323.1199951171875,16.34000015258789,33.1403694152832,30.403255462646484,35.37385559082031,46.581233978271484
2023-04-20 00:00:00-04:00,162.99000549316406,212.2592010498047,105.5208511352539,103.80999755859375,325.3500061035156,15.819999694824219,33.12091827392578,30.12020492553711,34.103824615478516,45.65700149536133
2023-04-21 00:00:00-04:00,165.0800018310547,212.07986450195312,105.53082275390625,106.95999908447266,327.9800109863281,15.199999809265137,32.683326721191406,29.573631286621094,33.79862594604492,45.315032958984375
2023-04-24 00:00:00-04:00,162.5500030517578,211.98023986816406,106.39769744873047,106.20999908447266,329.0199890136719,14.989999771118164,32.78056716918945,28.948972702026367,33.59187698364258,45.315032958984375
2023-04-25 00:00:00-04:00,160.6699981689453,206.76019287109375,104.2354736328125,102.56999969482422,322.54998779296875,14.960000038146973,32.83891677856445,28.187671661376953,32.59750747680664,44.270660400390625
2023-04-26 00:00:00-04:00,153.75,208.60313415527344,104.07604217529297,104.9800033569336,321.1499938964844,15.100000381469727,32.411048889160156,28.353593826293945,32.243080139160156,43.30945587158203
2023-04-27 00:00:00-04:00,160.19000244140625,237.6521759033203,107.98200988769531,109.81999969482422,325.8500061035156,16.440000534057617,32.916709899902344,29.14417839050293,32.81410217285156,43.46656799316406
2023-04-28 00:00:00-04:00,164.30999755859375,239.40548706054688,107.8325424194336,105.44999694824219,329.92999267578125,16.420000076293945,32.65415573120117,30.315410614013672,33.778934478759766,43.98047637939453
2023-05-01 00:00:00-04:00,161.8300018310547,242.2545928955078,107.32437133789062,102.05000305175781,324.1199951171875,15.25,32.48883819580078,29.573631286621094,34.182586669921875,44.14866256713867
2023-05-02 00:00:00-04:00,160.30999755859375,238.32960510253906,105.6005630493164,103.62999725341797,317.54998779296875,16.209999084472656,33.78217315673828,29.056337356567383,33.99552536010742,42.98070526123047
2023-05-03 00:00:00-04:00,160.61000061035156,236.1280059814453,105.74006652832031,103.6500015258789,319.29998779296875,16.350000381469727,33.89886474609375,29.915239334106445,33.60171890258789,42.67236328125
2023-05-04 00:00:00-04:00,161.1999969482422,232.63136291503906,104.83332824707031,104.0,320.7799987792969,16.549999237060547,34.70597839355469,30.61595916748047,32.56797409057617,41.95290756225586
2023-05-05 00:00:00-04:00,170.05999755859375,231.8941650390625,105.834716796875,105.66000366210938,322.760009765625,16.809999465942383,34.42397689819336,30.370952606201172,33.41466522216797,43.279701232910156
2023-05-08 00:00:00-04:00,171.7899932861328,232.38232421875,107.85247039794922,105.83000183105469,331.2099914550781,15.510000228881836,34.385074615478516,30.15534782409668,33.67063903808594,43.317073822021484
2023-05-09 00:00:00-04:00,169.14999389648438,232.48191833496094,107.55355834960938,106.62000274658203,332.1400146484375,15.65999984741211,34.27811050415039,29.49873161315918,33.67063903808594,43.466575622558594
2023-05-10 00:00:00-04:00,168.5399932861328,232.19305419921875,111.87801361083984,110.19000244140625,335.4200134277344,15.390000343322754,34.035003662109375,29.371328353881836,33.27682113647461,43.326419830322266
2023-05-11 00:00:00-04:00,172.0800018310547,234.89271545410156,116.48147583007812,112.18000030517578,344.760009765625,14.65999984741211,32.59580612182617,28.28350257873535,32.705806732177734,43.00873565673828
2023-05-12 00:00:00-04:00,167.97999572753906,232.92025756835938,117.49781799316406,110.26000213623047,339.8900146484375,14.260000228881836,32.67360305786133,28.3717041015625,32.71565628051758,42.46681213378906
2023-05-15 00:00:00-04:00,166.35000610351562,237.95103454589844,116.54125213623047,111.19999694824219,335.8900146484375,15.0,32.97505569458008,29.204723358154297,33.19806671142578,43.02742385864258
2023-05-16 00:00:00-04:00,166.52000427246094,237.91119384765625,119.66004180908203,113.4000015258789,333.75,14.630000114440918,32.0998649597168,28.636310577392578,33.296512603759766,42.30795669555664
2023-05-17 00:00:00-04:00,173.86000061035156,241.56724548339844,121.04507446289062,115.5,339.9599914550781,15.020000457763672,31.82758903503418,28.29330062866211,35.37385559082031,43.98982238769531
2023-05-18 00:00:00-04:00,176.88999938964844,245.91064453125,123.07776641845703,118.1500015258789,371.2900085449219,14.420000076293945,31.001022338867188,29.087121963500977,35.33448028564453,43.34510803222656
2023-05-19 00:00:00-04:00,180.13999938964844,244.7052459716797,122.8087387084961,116.25,365.3599853515625,14.390000343322754,31.273303985595703,29.33212661743164,35.039119720458984,42.70974349975586
2023-05-22 00:00:00-04:00,188.8699951171875,247.37506103515625,125.41935729980469,115.01000213623047,363.010009765625,14.1899995803833,30.991300582885742,29.675134658813477,34.911136627197266,42.78449249267578
2023-05-23 00:00:00-04:00,185.77000427246094,245.80105590820312,122.84860229492188,114.98999786376953,355.989990234375,14.329999923706055,30.77736473083496,28.92051887512207,35.35416030883789,42.89661407470703
2023-05-24 00:00:00-04:00,182.89999389648438,248.26165771484375,121.20449829101562,116.75,364.8500061035156,13.694999694824219,30.06749153137207,28.420703887939453,34.389339447021484,41.56981658935547
2023-05-25 00:00:00-04:00,184.47000122070312,251.72840881347656,123.90479278564453,115.0,359.0,13.760000228881836,29.425691604614258,26.852664947509766,35.19664764404297,41.32688522338867
2023-05-26 00:00:00-04:00,193.1699981689453,261.0428161621094,124.9809341430664,120.11000061035156,378.8800048828125,13.829999923706055,29.57155418395996,28.420703887939453,35.33448028564453,41.6725959777832
2023-05-30 00:00:00-04:00,201.16000366210938,261.52099609375,124.19375610351562,121.66000366210938,392.9800109863281,14.350000381469727,29.367345809936523,29.39093017578125,35.71844482421875,41.76603317260742
2023-05-31 00:00:00-04:00,203.92999267578125,263.712646484375,122.92831420898438,120.58000183105469,395.2300109863281,13.890000343322754,30.057767868041992,30.811962127685547,35.76767349243164,41.41097640991211
2023-06-01 00:00:00-04:00,207.52000427246094,271.5726013183594,123.92472076416016,122.7699966430664,403.1300048828125,14.050000190734863,31.127437591552734,30.508153915405273,35.816890716552734,41.89684295654297
2023-06-02 00:00:00-04:00,213.97000122070312,271.5726013183594,124.78164672851562,124.25,400.4700012207031,14.380000114440918,30.543981552124023,30.684560775756836,36.4371452331543,43.279701232910156
2023-06-05 00:00:00-04:00,217.61000061035156,270.3572692871094,126.17662811279297,125.30000305175781,403.5400085449219,13.680999755859375,30.689847946166992,29.263526916503906,36.5257453918457,43.2049560546875
2023-06-06 00:00:00-04:00,221.30999755859375,270.0882873535156,127.45205688476562,126.61000061035156,399.2900085449219,14.470000267028809,30.757917404174805,30.341550827026367,37.05739212036133,44.120628356933594
2023-06-07 00:00:00-04:00,224.57000732421875,262.59686279296875,122.4998550415039,121.2300033569336,399.7699890136719,13.829999923706055,30.193906784057617,30.65515899658203,37.63825225830078,44.85877227783203
2023-06-08 00:00:00-04:00,234.86000061035156,263.5731506347656,122.2308120727539,124.25,409.3699951171875,13.850000381469727,30.670398712158203,31.18437385559082,38.504638671875,44.942867279052734
2023-06-09 00:00:00-04:00,244.39999389648438,263.9417724609375,122.43009948730469,123.43000030517578,420.0199890136719,13.539999961853027,30.223081588745117,30.71396255493164,38.672000885009766,45.12974166870117
2023-06-12 00:00:00-04:00,249.8300018310547,270.0185241699219,123.90479278564453,126.56999969482422,423.9700012207031,13.119999885559082,30.37866973876953,32.40940475463867,39.5777702331543,45.269893646240234
2023-06-13 00:00:00-04:00,258.7099914550781,270.28753662109375,123.98451232910156,126.66000366210938,435.7300109863281,13.109999656677246,30.038320541381836,33.23262405395508,40.91671371459961,45.494144439697266
2023-06-14 00:00:00-04:00,256.7900085449219,272.309814453125,123.9346923828125,126.41999816894531,440.8599853515625,13.260000228881836,30.01887321472168,34.8692626953125,41.53696060180664,45.07368087768555
2023-06-15 00:00:00-04:00,255.89999389648438,280.75750732421875,125.33964538574219,127.11000061035156,445.2699890136719,13.399999618530273,30.145286560058594,35.104469299316406,42.216278076171875,45.372676849365234
2023-06-16 00:00:00-04:00,260.5400085449219,279.9306945800781,123.61582946777344,125.48999786376953,431.9599914550781,15.119999885559082,30.524534225463867,35.64347839355469,42.12767791748047,45.02696228027344
2023-06-20 00:00:00-04:00,274.45001220703125,283.24798583984375,123.40658569335938,125.77999877929688,434.70001220703125,16.850000381469727,29.308998107910156,34.30085372924805,41.82247543334961,44.48502731323242
2023-06-21 00:00:00-04:00,259.4599914550781,280.5682678222656,120.82585906982422,124.83000183105469,424.45001220703125,17.719999313354492,29.231204986572266,32.242801666259766,42.12767791748047,44.29815673828125
2023-06-22 00:00:00-04:00,264.6099853515625,283.7958984375,123.42652130126953,130.14999389648438,422.4800109863281,18.0,29.026994705200195,32.05659103393555,42.27534866333008,43.56935501098633
2023-06-23 00:00:00-04:00,256.6000061035156,287.63128662109375,122.57955932617188,129.3300018310547,424.0199890136719,19.190000534057617,28.96864891052246,32.34080505371094,42.196590423583984,42.999393463134766
2023-06-26 00:00:00-04:00,241.0500030517578,277.4103088378906,118.66362762451172,127.33000183105469,415.94000244140625,18.18000030517578,29.240928649902344,32.67401123046875,42.472259521484375,43.2049560546875
2023-06-27 00:00:00-04:00,250.2100067138672,285.9576416015625,118.58392333984375,129.17999267578125,417.0799865722656,19.469999313354492,28.832508087158203,33.418827056884766,45.3765983581543,43.354454040527344
2023-06-28 00:00:00-04:00,256.239990234375,284.204345703125,120.64649963378906,129.0399932861328,429.8399963378906,18.610000610351562,28.414363861083984,32.8994140625,45.98699951171875,43.19561004638672
2023-06-29 00:00:00-04:00,257.5,280.4586486816406,119.58033752441406,127.9000015258789,428.239990234375,19.549999237060547,28.803335189819336,32.252601623535156,45.59319305419922,43.25166702270508
2023-06-30 00:00:00-04:00,261.7699890136719,285.887939453125,120.53689575195312,130.36000061035156,440.489990234375,19.190000534057617,29.279827117919922,32.77200698852539,46.80415344238281,43.01808166503906
2023-07-03 00:00:00-04:00,279.82000732421875,284.93157958984375,120.12836456298828,130.22000122070312,441.44000244140625,20.450000762939453,29.843835830688477,32.94841766357422,47.217647552490234,43.67213821411133
2023-07-05 00:00:00-04:00,282.4800109863281,293.2497863769531,122.19095611572266,130.3800048828125,445.8999938964844,20.139999389648438,29.007545471191406,31.8605899810791,47.768985748291016,43.72819519042969
2023-07-06 00:00:00-04:00,276.5400085449219,290.8788146972656,120.49703979492188,128.36000061035156,438.8399963378906,20.079999923706055,28.26849937438965,31.331377029418945,46.59740447998047,42.40140151977539
2023-07-07 00:00:00-04:00,274.42999267578125,289.4244079589844,119.70986938476562,129.77999877929688,438.1000061035156,19.809999465942383,28.638023376464844,31.213775634765625,47.138893127441406,42.73777389526367
2023-07-10 00:00:00-04:00,269.6099853515625,292.9808654785156,116.45158386230469,127.12999725341797,441.7099914550781,19.989999771118164,29.21175765991211,32.08599853515625,47.70991516113281,42.67236328125
2023-07-11 00:00:00-04:00,269.7900085449219,297.1549072265625,117.28856658935547,128.77999877929688,440.2099914550781,19.93000030517578,29.406240463256836,32.63481140136719,47.90681838989258,43.47591781616211
2023-07-12 00:00:00-04:00,271.989990234375,308.162841796875,119.19173431396484,130.8000030517578,444.04998779296875,19.700000762939453,30.942678451538086,33.30122756958008,47.20781326293945,44.27012252807617
2023-07-13 00:00:00-04:00,277.8999938964844,312.2173767089844,124.3830795288086,134.3000030517578,450.3800048828125,21.3799991607666,31.30247688293457,33.19342041015625,46.97152328491211,44.55043411254883
2023-07-14 00:00:00-04:00,281.3800048828125,307.6946105957031,125.24995422363281,134.67999267578125,441.9100036621094,19.75,31.07881736755371,32.48780822753906,45.866546630859375,42.74711227416992
2023-07-17 00:00:00-04:00,290.3800048828125,309.4379577636719,124.61225891113281,133.55999755859375,450.04998779296875,19.920000076293945,31.088542938232422,33.683433532714844,46.17238235473633,43.22364044189453
2023-07-18 00:00:00-04:00,293.3399963378906,310.8625183105469,123.63575744628906,132.8300018310547,474.79998779296875,19.709999084472656,31.730344772338867,33.81083679199219,47.72132873535156,43.933753967285156
2023-07-19 00:00:00-04:00,291.260009765625,314.8074645996094,122.34040832519531,135.36000061035156,477.5899963378906,20.079999923706055,31.467790603637695,33.77163314819336,47.8989143371582,44.40093231201172
2023-07-20 00:00:00-04:00,262.8999938964844,301.3687438964844,119.10204315185547,129.9600067138672,437.4200134277344,19.59000015258789,30.524534225463867,32.703407287597656,48.03703689575195,44.29815673828125
2023-07-21 00:00:00-04:00,260.0199890136719,293.1402587890625,119.87926483154297,130.0,427.5,19.875,30.62177848815918,33.34042739868164,47.8989143371582,43.96178436279297
2023-07-24 00:00:00-04:00,269.05999755859375,290.50030517578125,121.44364166259766,128.8000030517578,428.3699951171875,19.200000762939453,30.42729377746582,32.95821762084961,46.84326934814453,44.53174591064453
2023-07-25 00:00:00-04:00,265.2799987792969,293.34942626953125,122.35038757324219,129.1300048828125,427.70001220703125,19.170000076293945,30.90378189086914,33.418827056884766,45.81720733642578,43.99916076660156
2023-07-26 00:00:00-04:00,264.3500061035156,297.433837890625,129.19578552246094,128.14999389648438,422.6700134277344,19.260000228881836,30.77736473083496,33.67363739013672,45.80734634399414,44.37290954589844
2023-07-27 00:00:00-04:00,255.7100067138672,310.5238342285156,129.405029296875,128.25,413.1700134277344,18.389999389648438,29.513208389282227,33.859840393066406,45.1364631652832,44.737308502197266
2023-07-28 00:00:00-04:00,266.44000244140625,324.2414245605469,132.53378295898438,132.2100067138672,425.7799987792969,18.725000381469727,29.873004913330078,36.09429931640625,45.106868743896484,44.29815673828125
2023-07-31 00:00:00-04:00,267.42999267578125,317.3876037597656,132.63343811035156,133.67999267578125,438.9700012207031,19.1299991607666,30.543981552124023,35.05546951293945,45.63962936401367,44.53174591064453
2023-08-01 00:00:00-04:00,261.07000732421875,321.4819641113281,131.4178009033203,131.69000244140625,438.6199951171875,19.040000915527344,29.396516799926758,35.084869384765625,44.79115676879883,43.98047637939453
2023-08-02 00:00:00-04:00,254.11000061035156,313.11395263671875,128.179443359375,128.2100067138672,429.70001220703125,19.15999984741211,28.47270965576172,33.703033447265625,44.1992073059082,43.27035903930664
2023-08-03 00:00:00-04:00,259.32000732421875,311.99822998046875,128.30897521972656,128.91000366210938,431.0,19.299999237060547,28.47270965576172,34.17344665527344,43.59738540649414,43.17692565917969
2023-08-04 00:00:00-04:00,253.86000061035156,309.5475769042969,128.07977294921875,139.57000732421875,431.6000061035156,19.219999313354492,28.744991302490234,34.561946868896484,43.99201965332031,43.20528030395508
2023-08-07 00:00:00-04:00,251.4499969482422,315.3553466796875,131.46763610839844,142.22000122070312,440.760009765625,19.15999984741211,28.521331787109375,34.65046691894531,44.63330841064453,43.31870651245117
2023-08-08 00:00:00-04:00,249.6999969482422,311.4503173828125,131.36798095703125,139.94000244140625,438.29998779296875,20.09000015258789,28.27822494506836,34.44392395019531,45.17593002319336,42.68540954589844
2023-08-09 00:00:00-04:00,242.19000244140625,304.04852294921875,129.6840362548828,137.85000610351562,428.8999938964844,19.670000076293945,28.326845169067383,33.716094970703125,44.426116943359375,42.00486755371094
2023-08-10 00:00:00-04:00,245.33999633789062,304.5765380859375,129.74383544921875,138.55999755859375,429.9800109863281,19.799999237060547,28.36574363708496,34.10951614379883,44.258399963378906,41.91034698486328
2023-08-11 00:00:00-04:00,242.64999389648438,300.4921875,129.70396423339844,138.41000366210938,421.6600036621094,19.81999969482422,28.647747039794922,34.316062927246094,43.57765579223633,42.127742767333984
2023-08-14 00:00:00-04:00,239.75999450683594,305.0248107910156,131.35801696777344,140.57000732421875,427.7799987792969,20.1200008392334,28.151809692382812,35.09306716918945,43.636844635009766,41.68349838256836
2023-08-15 00:00:00-04:00,232.9600067138672,300.80096435546875,129.80360412597656,137.6699981689453,423.70001220703125,19.65999984741211,27.43221092224121,34.19804000854492,42.443077087402344,40.84226608276367
2023-08-16 00:00:00-04:00,225.60000610351562,293.1701354980469,128.6477508544922,135.07000732421875,415.45001220703125,19.459999084472656,27.06268882751465,32.978431701660156,42.09777069091797,40.30350112915039
2023-08-17 00:00:00-04:00,219.22000122070312,284.005126953125,129.99293518066406,133.97999572753906,403.0,18.533000946044922,26.8487548828125,32.0440673828125,41.219703674316406,40.133365631103516
2023-08-18 00:00:00-04:00,215.49000549316406,282.172119140625,127.65133666992188,133.22000122070312,404.5299987792969,17.399999618530273,26.693166732788086,32.211265563964844,40.93360137939453,39.934871673583984
2023-08-21 00:00:00-04:00,231.27999877929688,288.79681396484375,128.46839904785156,134.67999267578125,408.2900085449219,17.209999084472656,26.94599723815918,32.594852447509766,41.180240631103516,39.764732360839844
2023-08-22 00:00:00-04:00,233.19000244140625,286.50555419921875,129.22567749023438,134.25,413.1700134277344,17.0,27.179380416870117,32.348960876464844,41.05198669433594,38.772274017333984
2023-08-23 00:00:00-04:00,236.86000061035156,293.1202697753906,132.7330780029297,135.52000427246094,427.54998779296875,18.190000534057617,27.947599411010742,33.4210319519043,41.63407516479492,38.828983306884766
2023-08-24 00:00:00-04:00,230.0399932861328,285.6588134765625,129.95306396484375,131.83999633789062,406.92999267578125,17.68000030517578,27.889253616333008,32.05389404296875,41.338096618652344,38.828983306884766
2023-08-25 00:00:00-04:00,238.58999633789062,284.41357421875,130.2220916748047,133.25999450683594,416.0299987792969,17.350000381469727,27.616973876953125,32.70303726196289,41.14078140258789,38.9802131652832
2023-08-28 00:00:00-04:00,238.82000732421875,289.15545654296875,131.31814575195312,133.13999938964844,418.05999755859375,17.579999923706055,28.200429916381836,33.066951751708984,41.84125518798828,39.05583190917969
2023-08-29 00:00:00-04:00,257.17999267578125,296.85601806640625,135.0049285888672,134.91000366210938,429.989990234375,20.559999465942383,28.715818405151367,33.745601654052734,43.183021545410156,39.43391418457031
2023-08-30 00:00:00-04:00,256.8999938964844,293.97698974609375,136.43975830078125,135.07000732421875,434.6700134277344,19.709999084472656,28.706092834472656,33.96198272705078,42.65026092529297,39.103092193603516
2023-08-31 00:00:00-04:00,258.0799865722656,294.7640380859375,136.85826110839844,138.00999450683594,433.67999267578125,18.709999084472656,28.453262329101562,34.561946868896484,42.304954528808594,39.02747344970703
2023-09-01 00:00:00-04:00,245.00999450683594,295.252197265625,136.3102264404297,138.1199951171875,439.8800048828125,18.479999542236328,28.287948608398438,36.00776672363281,42.285221099853516,39.311038970947266
2023-09-05 00:00:00-04:00,256.489990234375,299.0077819824219,136.22055053710938,137.27000427246094,448.67999267578125,18.549999237060547,27.704490661621094,36.10612106323242,41.199974060058594,39.0936393737793
2023-09-06 00:00:00-04:00,251.9199981689453,298.03155517578125,134.88534545898438,135.36000061035156,445.760009765625,18.600000381469727,27.685043334960938,36.37167739868164,41.15064239501953,39.103092193603516
2023-09-07 00:00:00-04:00,251.49000549316406,297.533447265625,135.71237182617188,137.85000610351562,443.1400146484375,19.299999237060547,27.500282287597656,37.55194091796875,40.578426361083984,38.49816131591797
2023-09-08 00:00:00-04:00,248.5,296.7564392089844,136.7087860107422,138.22999572753906,442.79998779296875,19.299999237060547,27.55862808227539,37.384735107421875,40.272586822509766,38.36582946777344
2023-09-11 00:00:00-04:00,273.5799865722656,306.3896179199219,137.2468719482422,143.10000610351562,445.3599853515625,18.649999618530273,27.97677230834961,37.955196380615234,40.29231262207031,38.36582946777344
2023-09-12 00:00:00-04:00,267.4800109863281,300.5120544433594,135.58285522460938,141.22999572753906,434.69000244140625,19.260000228881836,27.996219635009766,38.22075653076172,40.14432144165039,39.39610290527344
2023-09-13 00:00:00-04:00,271.29998779296875,303.89910888671875,137.00772094726562,144.85000610351562,412.239990234375,19.209999084472656,27.92814826965332,38.073219299316406,39.01961135864258,40.04829025268555
2023-09-14 00:00:00-04:00,276.0400085449219,310.5337829589844,138.4923858642578,144.72000122070312,400.489990234375,19.459999084472656,28.307397842407227,38.03387451171875,38.80256271362305,40.77610397338867
2023-09-15 00:00:00-04:00,274.3900146484375,299.1672058105469,137.80487060546875,140.38999938964844,396.94000244140625,19.260000228881836,28.900577545166016,37.256874084472656,39.36492156982422,40.369667053222656
2023-09-18 00:00:00-04:00,265.2799987792969,301.3986511230469,138.46250915527344,139.97999572753906,394.3999938964844,19.229999542236328,28.929750442504883,37.36507034301758,38.368465423583984,40.30350112915039
2023-09-19 00:00:00-04:00,266.5,303.90911865234375,138.3329620361328,137.6300048828125,396.20001220703125,19.84000015258789,28.589401245117188,35.742210388183594,38.92095184326172,40.34130859375
2023-09-20 00:00:00-04:00,262.5899963378906,298.5296630859375,134.10813903808594,135.2899932861328,386.29998779296875,19.420000076293945,28.890853881835938,34.11935043334961,38.35859680175781,39.98213195800781
2023-09-21 00:00:00-04:00,255.6999969482422,294.6046447753906,130.88970947265625,129.3300018310547,384.1499938964844,19.0,28.112911224365234,34.08000946044922,37.786373138427734,39.42446517944336
2023-09-22 00:00:00-04:00,244.8800048828125,297.94183349609375,130.78009033203125,129.1199951171875,379.80999755859375,18.899999618530273,28.07401466369629,33.617740631103516,37.16482162475586,38.67774963378906
2023-09-25 00:00:00-04:00,246.99000549316406,299.6852111816406,131.69679260253906,131.27000427246094,384.79998779296875,18.450000762939453,27.723939895629883,33.72593307495117,37.05630111694336,38.772274017333984
2023-09-26 00:00:00-04:00,244.1199951171875,297.82232666015625,128.98654174804688,125.9800033569336,379.25,18.170000076293945,26.975170135498047,33.273502349853516,36.276893615722656,38.01610565185547
2023-09-27 00:00:00-04:00,240.5,296.60699462890625,130.98934936523438,125.9800033569336,377.5899963378906,18.1299991607666,26.168054580688477,34.040672302246094,36.16836929321289,38.24295425415039
2023-09-28 00:00:00-04:00,246.3800048828125,302.80328369140625,132.6533660888672,125.9800033569336,376.3599853515625,19.0,26.3041934967041,34.60129165649414,36.4544792175293,38.942413330078125
2023-09-29 00:00:00-04:00,250.22000122070312,299.0675354003906,131.37794494628906,127.12000274658203,377.6000061035156,19.190000534057617,26.168054580688477,34.96520233154297,36.503807067871094,38.876243591308594
2023-10-02 00:00:00-04:00,251.60000610351562,305.6524353027344,134.68606567382812,129.4600067138672,380.3299865722656,19.450000762939453,25.273420333862305,34.87668228149414,35.961181640625,38.28076171875
2023-10-03 00:00:00-04:00,246.52999877929688,299.7947998046875,132.82273864746094,124.72000122070312,376.75,19.639999389648438,25.351215362548828,35.10289764404297,34.76741409301758,37.67583465576172
2023-10-04 00:00:00-04:00,261.1600036621094,304.4171447753906,135.78211975097656,127.0,376.8999938964844,20.139999389648438,25.19562530517578,35.33895492553711,35.576412200927734,37.628578186035156
2023-10-05 00:00:00-04:00,260.04998779296875,303.6301574707031,135.50314331054688,125.95999908447266,372.5899963378906,20.149999618530273,25.59432029724121,35.29961013793945,35.95131301879883,37.694740295410156
2023-10-06 00:00:00-04:00,260.5299987792969,314.2296447753906,138.2333221435547,127.95999908447266,381.510009765625,20.729999542236328,26.148605346679688,35.59467697143555,36.503807067871094,38.34693145751953
2023-10-09 00:00:00-04:00,259.6700134277344,317.14849853515625,139.0005645751953,128.25999450683594,385.95001220703125,20.5,26.780685424804688,35.466819763183594,34.80687713623047,38.50761032104492
2023-10-10 00:00:00-04:00,263.6199951171875,320.6152648925781,138.70162963867188,129.47999572753906,373.32000732421875,20.579999923706055,27.04323959350586,35.830726623535156,35.34950256347656,39.16925811767578
2023-10-11 00:00:00-04:00,262.989990234375,326.572509765625,141.1926727294922,131.8300018310547,365.92999267578125,20.06999969482422,27.53917694091797,36.27332305908203,35.59683609008789,39.25432586669922
2023-10-12 00:00:00-04:00,258.8699951171875,322.9264831542969,139.7877197265625,132.3300018310547,361.20001220703125,20.020000457763672,26.975170135498047,36.23398208618164,34.77568054199219,39.25432586669922
2023-10-13 00:00:00-04:00,251.1199951171875,313.49249267578125,138.08384704589844,129.7899932861328,355.67999267578125,20.239999771118164,28.151809692382812,35.3782958984375,33.73685836791992,39.15980529785156
2023-10-16 00:00:00-04:00,253.9199981689453,319.9278564453125,139.9870147705078,132.5500030517578,360.82000732421875,21.799999237060547,28.200429916381836,35.958587646484375,34.05345153808594,38.706111907958984
2023-10-17 00:00:00-04:00,254.85000610351562,322.7670593261719,140.4852294921875,131.47000122070312,355.7200012207031,22.15999984741211,28.715818405151367,35.466819763183594,34.3106803894043,38.942413330078125
2023-10-18 00:00:00-04:00,242.67999267578125,315.7638244628906,138.78134155273438,128.1300048828125,346.19000244140625,22.207000732421875,28.638023376464844,35.05372619628906,32.78707504272461,38.25240707397461
2023-10-19 00:00:00-04:00,220.11000061035156,311.61962890625,138.48240661621094,128.39999389648438,401.7699890136719,22.450000762939453,28.696369171142578,35.083229064941406,32.361656188964844,37.864871978759766
2023-10-20 00:00:00-04:00,211.99000549316406,307.4754638671875,136.2504425048828,125.16999816894531,400.9599914550781,23.639999389648438,28.667194366455078,34.34556198120117,31.88677406311035,37.50569534301758
2023-10-23 00:00:00-04:00,212.0800018310547,312.8150634765625,137.40628051757812,126.55999755859375,406.8399963378906,24.704999923706055,28.433813095092773,33.29317092895508,31.698793411254883,36.75898742675781
2023-10-24 00:00:00-04:00,216.52000427246094,311.3606262207031,139.61834716796875,128.55999755859375,413.7300109863281,26.15999984741211,28.453262329101562,34.020999908447266,31.67900848388672,36.79679489135742
2023-10-25 00:00:00-04:00,212.4199981689453,298.3901672363281,126.21648406982422,121.38999938964844,411.25,26.790000915527344,27.986495971679688,32.28995132446289,31.075502395629883,36.49433135986328
2023-10-26 00:00:00-04:00,205.75999450683594,287.25274658203125,122.99805450439453,119.56999969482422,403.5400085449219,25.770000457763672,27.73366355895996,31.98504638671875,31.263479232788086,37.184329986572266
2023-10-27 00:00:00-04:00,207.3000030517578,295.600830078125,122.95819854736328,127.73999786376953,397.8699951171875,25.06999969482422,28.394916534423828,34.95537185668945,30.32359504699707,36.14459991455078
2023-10-30 00:00:00-04:00,197.36000061035156,301.5082702636719,125.29978942871094,132.7100067138672,410.0799865722656,26.479999542236328,27.97677230834961,35.10289764404297,30.897417068481445,36.79679489135742
2023-10-31 00:00:00-04:00,200.83999633789062,300.12353515625,124.85140228271484,133.08999633789062,411.69000244140625,26.760000228881836,27.23772621154785,35.89957809448242,30.91720962524414,37.326107025146484
2023-11-01 00:00:00-04:00,205.66000366210938,310.66326904296875,127.11327362060547,137.0,420.19000244140625,26.889999389648438,27.33496856689453,36.67658233642578,30.77869987487793,37.430076599121094
2023-11-02 00:00:00-04:00,218.50999450683594,309.68701171875,128.11964416503906,138.07000732421875,424.7099914550781,27.167999267578125,27.480833053588867,37.079837799072266,31.67900848388672,39.08418655395508
2023-11-03 00:00:00-04:00,219.9600067138672,313.40283203125,129.9032440185547,138.60000610351562,432.3599853515625,27.049999237060547,28.657470703125,37.51259994506836,32.99484634399414,40.462947845458984
2023-11-06 00:00:00-05:00,219.27000427246094,314.5982360839844,130.97938537597656,139.74000549316406,434.739990234375,26.950000762939453,28.346294403076172,37.448455810546875,32.569419860839844,40.25231170654297
2023-11-07 00:00:00-05:00,222.17999267578125,317.6067810058594,131.92596435546875,142.7100067138672,434.6099853515625,28.100000381469727,27.801733016967773,38.25761795043945,33.083885192871094,40.17570877075195
2023-11-08 00:00:00-05:00,222.11000061035156,318.5631103515625,132.7828826904297,142.0800018310547,436.6499938964844,27.799999237060547,26.92654800415039,37.418853759765625,33.80610656738281,40.041664123535156
2023-11-09 00:00:00-05:00,209.97999572753906,319.3301696777344,131.21852111816406,140.60000610351562,435.1499938964844,29.09000015258789,26.82930564880371,37.30044174194336,33.12345886230469,39.73527145385742
2023-11-10 00:00:00-05:00,214.64999389648438,327.5188903808594,133.5800323486328,143.55999755859375,447.239990234375,29.972999572753906,26.498680114746094,38.346435546875,33.69728469848633,40.29060745239258
2023-11-13 00:00:00-05:00,223.7100067138672,327.9372863769531,133.16152954101562,142.58999633789062,444.6199951171875,29.059999465942383,26.294471740722656,37.72475814819336,33.80610656738281,40.884246826171875
2023-11-14 00:00:00-05:00,237.41000366210938,335.03021240234375,134.9451141357422,145.8000030517578,448.6499938964844,27.420000076293945,27.548904418945312,38.889163970947266,34.86471939086914,42.473655700683594
2023-11-15 00:00:00-05:00,242.83999633789062,331.44390869140625,135.89173889160156,143.1999969482422,461.94000244140625,29.760000228881836,27.412763595581055,40.07330322265625,35.37917709350586,42.97154235839844
2023-11-16 00:00:00-05:00,233.58999633789062,332.91827392578125,138.2034149169922,142.8300018310547,466.95001220703125,28.985000610351562,27.821184158325195,42.77709197998047,35.1318359375,42.770469665527344
2023-11-17 00:00:00-05:00,234.3000030517578,333.7650451660156,136.44972229003906,145.17999267578125,465.9100036621094,28.989999771118164,27.646146774291992,43.231014251708984,35.67598342895508,43.431129455566406
2023-11-20 00:00:00-05:00,235.60000610351562,338.67626953125,137.42620849609375,146.1300048828125,474.4700012207031,29.790000915527344,27.723939895629883,44.14872360229492,36.11130142211914,43.33538055419922
2023-11-21 00:00:00-05:00,241.1999969482422,335.6976623535156,138.1237030029297,143.89999389648438,474.95001220703125,29.200000762939453,28.404638290405273,43.063262939453125,35.497901916503906,43.17261505126953
2023-11-22 00:00:00-05:00,234.2100067138672,340.1904602050781,139.51869201660156,146.7100067138672,478.0,30.450000762939453,28.44353675842285,43.09286117553711,35.56715774536133,43.105587005615234
2023-11-24 00:00:00-05:00,235.4499969482422,336.9429016113281,137.7251434326172,146.74000549316406,479.55999755859375,31.209999084472656,28.511606216430664,43.3790283203125,35.715553283691406,43.30665588378906
2023-11-27 00:00:00-05:00,236.0800018310547,333.4263610839844,137.55575561523438,147.72999572753906,479.1700134277344,30.104999542236328,28.96864891052246,43.4974479675293,35.45832824707031,43.16303634643555
2023-11-28 00:00:00-05:00,246.72000122070312,337.6999816894531,138.1237030029297,147.02999877929688,479.0,31.510000228881836,30.359222412109375,43.64546203613281,35.65620040893555,42.952396392822266
2023-11-29 00:00:00-05:00,244.13999938964844,330.9358825683594,135.91163635253906,146.32000732421875,477.19000244140625,31.01799964904785,30.339773178100586,44.3460807800293,36.24980926513672,43.80454635620117
2023-11-30 00:00:00-05:00,240.0800018310547,325.9050598144531,133.44052124023438,146.08999633789062,473.9700012207031,30.2450008392334,30.456464767456055,44.1092529296875,36.53672409057617,44.13965606689453
2023-12-01 00:00:00-05:00,238.8300018310547,323.58392333984375,132.8426971435547,147.02999877929688,465.739990234375,31.729999542236328,30.932952880859375,43.16194152832031,37.64479064941406,45.22161102294922
2023-12-04 00:00:00-05:00,235.5800018310547,318.80218505859375,130.1623077392578,144.83999633789062,453.8999938964844,33.63600158691406,30.164737701416016,41.79030990600586,37.75361633300781,45.355655670166016
2023-12-05 00:00:00-05:00,238.72000122070312,317.07879638671875,131.916015625,146.8800048828125,455.1499938964844,35.099998474121094,29.639623641967773,41.365989685058594,37.209476470947266,44.71414566040039
2023-12-06 00:00:00-05:00,239.3699951171875,316.24200439453125,130.9594268798828,144.52000427246094,446.7300109863281,34.91999816894531,29.58127784729004,40.72458267211914,38.52531051635742,45.824825286865234
2023-12-07 00:00:00-05:00,242.63999938964844,325.34722900390625,137.95431518554688,146.8800048828125,452.0,33.904998779296875,29.48403549194336,41.59295654296875,39.910404205322266,46.4376106262207
2023-12-08 00:00:00-05:00,243.83999633789062,331.4837646484375,136.1508026123047,147.4199981689453,453.760009765625,35.5099983215332,28.86168098449707,42.135684967041016,39.92029571533203,46.81101608276367
2023-12-11 00:00:00-05:00,239.74000549316406,324.04217529296875,134.21774291992188,145.88999938964844,459.8900146484375,32.459999084472656,28.73526382446289,43.95136642456055,40.07859420776367,46.10248565673828
2023-12-12 00:00:00-05:00,237.00999450683594,332.9481506347656,133.16152954101562,147.47999572753906,463.0,33.41999816894531,28.06429100036621,43.45797348022461,40.80082321166992,46.01632308959961
2023-12-13 00:00:00-05:00,239.2899932861328,333.4661560058594,133.49037170410156,148.83999633789062,479.9800109863281,35.59000015258789,29.853559494018555,43.98097229003906,40.75135040283203,47.241886138916016
2023-12-14 00:00:00-05:00,251.0500030517578,331.9021911621094,132.72311401367188,147.4199981689453,469.8299865722656,34.900001525878906,30.446739196777344,44.582908630371094,41.988037109375,48.103614807128906
2023-12-15 00:00:00-05:00,253.5,333.6455078125,133.36080932617188,149.97000122070312,472.05999755859375,34.099998474121094,30.09666633605957,45.549957275390625,41.88910675048828,47.71105194091797
2023-12-18 00:00:00-05:00,252.0800018310547,343.30859375,136.69882202148438,154.07000732421875,486.1199951171875,34.540000915527344,30.373414993286133,45.08616256713867,40.74146270751953,47.54827880859375
2023-12-19 00:00:00-05:00,257.2200012207031,349.0267333984375,137.60557556152344,153.7899932861328,495.0199890136719,34.933998107910156,31.183900833129883,46.04335021972656,40.7117805480957,48.76427459716797
2023-12-20 00:00:00-05:00,247.13999938964844,347.9508361816406,139.1599884033203,152.1199951171875,489.2699890136719,35.83000183105469,30.422836303710938,45.155242919921875,39.910404205322266,47.94084167480469
2023-12-21 00:00:00-05:00,254.5,352.7425231933594,141.29232788085938,153.83999633789062,491.6099853515625,36.29499816894531,30.986221313476562,46.457801818847656,40.68209457397461,48.448307037353516
2023-12-22 00:00:00-05:00,252.5399932861328,352.0451965332031,142.2090301513672,153.4199981689453,486.760009765625,36.90999984741211,31.193784713745117,47.365638732910156,40.691993713378906,48.69725036621094
2023-12-26 00:00:00-05:00,256.6099853515625,353.4797058105469,142.3086700439453,153.41000366210938,491.19000244140625,35.650001525878906,31.302509307861328,49.83259963989258,40.325927734375,49.15684127807617
2023-12-27 00:00:00-05:00,261.44000244140625,356.46832275390625,140.93362426757812,153.33999633789062,491.7900085449219,36.25,31.608911514282227,50.08916091918945,40.15774154663086,49.271732330322266
2023-12-28 00:00:00-05:00,253.17999267578125,356.95648193359375,140.77418518066406,153.3800048828125,490.510009765625,34.810001373291016,30.80830955505371,49.724056243896484,40.19731903076172,49.32918167114258
2023-12-29 00:00:00-05:00,248.47999572753906,352.6130676269531,140.42543029785156,151.94000244140625,486.8800048828125,34.619998931884766,30.65016746520996,49.58590316772461,39.80157470703125,49.252586364746094
2024-01-02 00:00:00-05:00,248.4199981689453,344.97222900390625,139.06033325195312,149.92999267578125,468.5,36.849998474121094,30.20538902282715,47.16828536987305,40.01923751831055,50.784549713134766
2024-01-03 00:00:00-05:00,238.4499969482422,343.15911865234375,139.85748291015625,148.47000122070312,470.260009765625,35.54999923706055,29.4146728515625,46.428192138671875,38.32744216918945,51.359031677246094
2024-01-04 00:00:00-05:00,237.92999267578125,345.799072265625,137.5457763671875,144.57000732421875,474.6700134277344,37.25,29.424556732177734,46.25057601928711,38.78254318237305,51.4835090637207
2024-01-05 00:00:00-05:00,237.49000549316406,350.6106872558594,136.8981170654297,145.24000549316406,474.05999755859375,37.16400146484375,29.424556732177734,46.27030944824219,40.1082763671875,52.01969528198242
2024-01-08 00:00:00-05:00,240.4499969482422,357.295166015625,140.02685546875,149.10000610351562,485.0299987792969,39.0,29.355369567871094,47.809696197509766,41.186668395996094,51.71329879760742
2024-01-09 00:00:00-05:00,234.9600067138672,356.0697937011719,142.0496063232422,151.3699951171875,482.0899963378906,39.0,28.831518173217773,47.41497802734375,41.86931610107422,51.205841064453125
2024-01-10 00:00:00-05:00,233.94000244140625,369.06024169921875,143.28517150878906,153.72999572753906,478.3299865722656,40.49599838256836,28.772214889526367,46.842647552490234,41.661556243896484,50.76539993286133
2024-01-11 00:00:00-05:00,227.22000122070312,368.2632751464844,143.15562438964844,155.17999267578125,492.2300109863281,40.689998626708984,28.554765701293945,47.01039505004883,41.80995559692383,49.86537170410156
2024-01-12 00:00:00-05:00,218.88999938964844,373.06494140625,143.72360229492188,154.6199951171875,492.1600036621094,38.58000183105469,29.355369567871094,46.49726486206055,38.06031799316406,50.382408142089844
2024-01-16 00:00:00-05:00,219.91000366210938,366.0616455078125,143.5641632080078,153.16000366210938,481.239990234375,38.31999969482422,28.06056785583496,46.43806838989258,37.07096862792969,49.66429901123047
2024-01-17 00:00:00-05:00,215.5500030517578,366.96820068359375,142.37841796875,151.7100067138672,480.3299865722656,37.939998626708984,27.190780639648438,45.45127868652344,36.74448013305664,49.175987243652344
2024-01-18 00:00:00-05:00,211.8800048828125,374.69866943359375,144.4709014892578,153.5,485.30999755859375,36.290000915527344,27.269851684570312,46.122291564941406,37.68436813354492,48.936622619628906
2024-01-19 00:00:00-05:00,212.19000244140625,381.9908142089844,147.44021606445312,155.33999633789062,482.95001220703125,37.0099983215332,27.36869239807129,47.51365661621094,36.882991790771484,49.32918167114258
2024-01-22 00:00:00-05:00,208.8000030517578,380.3271484375,147.18118286132812,154.77999877929688,485.7099914550781,35.81999969482422,27.279735565185547,47.582733154296875,36.586185455322266,50.59305191040039
2024-01-23 00:00:00-05:00,209.13999938964844,383.73419189453125,148.14768981933594,156.02000427246094,492.19000244140625,34.880001068115234,27.90242576599121,48.24387741088867,37.60521697998047,51.03349304199219
2024-01-24 00:00:00-05:00,207.8300018310547,389.2132568359375,149.81170654296875,156.8699951171875,544.8699951171875,35.27000045776367,27.378576278686523,48.44123458862305,37.783294677734375,50.99518966674805
2024-01-25 00:00:00-05:00,182.6300048828125,391.68377685546875,153.08993530273438,157.75,562.0,35.439998626708984,27.92219352722168,48.89515686035156,39.75210952758789,51.44520568847656
2024-01-26 00:00:00-05:00,183.25,392.6401672363281,153.23939514160156,159.1199951171875,570.4199829101562,37.5099983215332,27.744281768798828,43.07312774658203,39.20796203613281,51.387760162353516
2024-01-29 00:00:00-05:00,190.92999267578125,399.49395751953125,154.28564453125,161.25999450683594,575.7899780273438,38.5099983215332,28.03091812133789,43.260616302490234,39.66306686401367,51.80904769897461
2024-01-30 00:00:00-05:00,191.58999633789062,398.53759765625,152.50205993652344,159.0,562.8499755859375,38.869998931884766,27.823352813720703,42.35277557373047,39.09913635253906,54.662322998046875
2024-01-31 00:00:00-05:00,187.2899932861328,388.6553649902344,141.29232788085938,155.1999969482422,564.1099853515625,37.9900016784668,27.61579132080078,42.51066207885742,38.723182678222656,53.78144454956055
2024-02-01 00:00:00-05:00,188.86000061035156,393.2777099609375,142.19906616210938,159.27999877929688,567.510009765625,38.40999984741211,28.693143844604492,42.786964416503906,39.33658218383789,53.67613220214844
2024-02-02 00:00:00-05:00,187.91000366210938,473.18243408203125,143.02609252929688,171.80999755859375,564.6400146484375,38.34000015258789,27.694862365722656,42.0369987487793,39.55423355102539,53.685794830322266
2024-02-05 00:00:00-05:00,181.05999755859375,457.6617431640625,144.41110229492188,170.30999755859375,562.0599975585938,37.84000015258789,27.04252052307129,42.20475769042969,38.822120666503906,52.68051528930664
2024-02-06 00:00:00-05:00,185.10000610351562,452.9896240234375,144.889404296875,169.14999389648438,555.8800048828125,38.470001220703125,27.39834213256836,42.29877853393555,39.75210952758789,52.535518646240234
2024-02-07 00:00:00-05:00,187.5800018310547,467.80303955078125,146.15484619140625,170.52999877929688,559.2999877929688,39.43000030517578,27.141359329223633,42.33836364746094,39.78178787231445,52.71917724609375
2024-02-08 00:00:00-05:00,189.55999755859375,468.2114562988281,146.6929168701172,169.83999633789062,558.530029296875,40.68000030517578,26.98321533203125,42.061256408691406,39.92029571533203,52.47752380371094
2024-02-09 00:00:00-05:00,193.57000732421875,466.3286437988281,149.6821746826172,174.4499969482422,561.3200073242188,42.47999954223633,26.657045364379883,42.862892150878906,40.07859420776367,52.18754196166992
2024-02-12 00:00:00-05:00,188.1300048828125,467.1156311035156,148.197509765625,172.33999633789062,557.8499755859375,44.86000061035156,26.97333335876465,43.57545852661133,40.147850036621094,52.119869232177734
2024-02-13 00:00:00-05:00,184.02000427246094,458.3690490722656,145.845947265625,168.63999938964844,554.52001953125,44.11000061035156,25.58957862854004,42.714439392089844,39.58391571044922,50.998600006103516
2024-02-14 00:00:00-05:00,188.7100067138672,471.47900390625,146.6132049560547,170.97999572753906,579.3300170898438,46.189998626708984,25.70818519592285,43.73380661010742,40.40507888793945,52.17787170410156
2024-02-15 00:00:00-05:00,200.4499969482422,482.1881103515625,143.42466735839844,169.8000030517578,593.4600219726562,46.18000030517578,26.459367752075195,43.595252990722656,40.563377380371094,53.3668098449707
2024-02-16 00:00:00-05:00,199.9499969482422,471.5188903808594,141.25245666503906,169.50999450683594,583.9500122070312,46.279998779296875,26.548322677612305,43.060829162597656,39.692745208740234,53.018829345703125
2024-02-20 00:00:00-05:00,193.75999450683594,469.954833984375,141.69088745117188,167.0800018310547,575.1300048828125,46.40999984741211,26.67681312561035,44.060401916503906,40.16763687133789,53.569793701171875
2024-02-21 00:00:00-05:00,194.77000427246094,466.7436218261719,143.32501220703125,168.58999633789062,573.3499755859375,45.47999954223633,26.508787155151367,43.021244049072266,40.325927734375,53.48280715942383
2024-02-22 00:00:00-05:00,197.41000366210938,484.7939147949219,144.7997283935547,174.5800018310547,588.469970703125,46.439998626708984,25.8564453125,42.53630065917969,41.67144775390625,54.033775329589844
2024-02-23 00:00:00-05:00,191.97000122070312,482.69970703125,144.7698211669922,174.99000549316406,583.5599975585938,45.59000015258789,26.350643157958984,42.54619598388672,41.373939514160156,54.06277084350586
2024-02-26 00:00:00-05:00,199.39999389648438,480.41595458984375,138.25323486328125,174.72999572753906,587.6500244140625,48.630001068115234,25.94540023803711,42.54619598388672,41.443359375,53.511802673339844
2024-02-27 00:00:00-05:00,199.72999572753906,485.7113952636719,139.59841918945312,173.5399932861328,601.6699829101562,50.849998474121094,25.727954864501953,42.28887939453125,41.631778717041016,53.85011672973633
2024-02-28 00:00:00-05:00,202.0399932861328,482.689697265625,136.93797302246094,173.16000366210938,596.47998046875,53.83000183105469,25.48085594177246,41.5565185546875,41.661529541015625,53.21215057373047
2024-02-29 00:00:00-05:00,201.8800048828125,488.782958984375,139.27955627441406,176.75999450683594,602.9199829101562,55.349998474121094,26.05412483215332,42.60557556152344,41.919376373291016,53.6374626159668
2024-03-01 00:00:00-05:00,202.63999938964844,500.91943359375,137.5856475830078,178.22000122070312,619.3400268554688,56.279998779296875,27.012868881225586,43.36763000488281,41.81028747558594,53.7437858581543
2024-03-04 00:00:00-05:00,188.13999938964844,496.8207702636719,133.71954345703125,177.5800018310547,615.8300170898438,60.380001068115234,28.179176330566406,45.13915252685547,41.22518539428711,54.2657585144043
2024-03-05 00:00:00-05:00,180.74000549316406,488.8726806640625,133.30104064941406,174.1199951171875,598.5,55.22999954223633,28.327436447143555,42.714439392089844,41.45327377319336,54.381752014160156
2024-03-06 00:00:00-05:00,176.5399932861328,494.7265319824219,132.08538818359375,173.50999450683594,597.6900024414062,59.79999923706055,28.82163429260254,44.05050277709961,41.67144775390625,55.37736892700195
2024-03-07 00:00:00-05:00,178.64999389648438,510.78228759765625,134.7558135986328,176.82000732421875,608.510009765625,60.45000076293945,29.26641273498535,45.67357635498047,42.42514419555664,55.79301452636719
2024-03-08 00:00:00-05:00,175.33999633789062,504.5594482421875,135.8020477294922,175.35000610351562,604.8200073242188,61.900001525878906,29.296064376831055,43.54576873779297,41.88962936401367,55.59001922607422
2024-03-11 00:00:00-04:00,177.77000427246094,482.2608642578125,138.4425506591797,171.9600067138672,600.9299926757812,64.31999969482422,29.780378341674805,44.39689254760742,42.32597351074219,55.49336242675781
2024-03-12 00:00:00-04:00,177.5399932861328,498.3764953613281,139.12013244628906,175.38999938964844,611.0800170898438,63.66999816894531,29.23676109313965,44.772972106933594,42.40530776977539,55.53202819824219
2024-03-13 00:00:00-04:00,169.47999572753906,494.2079772949219,140.26600646972656,176.55999755859375,609.4500122070312,65.58000183105469,29.938522338867188,42.78371810913086,43.54576873779297,55.8316764831543
2024-03-14 00:00:00-04:00,162.5,490.4782409667969,143.82322692871094,178.75,613.010009765625,61.79999923706055,29.543163299560547,42.30867385864258,42.702823638916016,55.184043884277344
2024-03-15 00:00:00-04:00,163.57000732421875,482.76947021484375,141.66099548339844,174.4199981689453,605.8800048828125,61.599998474121094,29.543163299560547,42.199806213378906,42.762325286865234,55.686683654785156
2024-03-18 00:00:00-04:00,173.8000030517578,495.6141052246094,147.9484100341797,174.47999572753906,618.3900146484375,59.58000183105469,29.3949031829834,42.26908874511719,43.07966995239258,56.67263412475586
2024-03-19 00:00:00-04:00,171.32000732421875,494.8760986328125,147.39041137695312,175.89999389648438,620.739990234375,57.40999984741211,28.722793579101562,41.61589813232422,43.37718200683594,56.89495086669922
2024-03-20 00:00:00-04:00,175.66000366210938,504.130615234375,149.14410400390625,178.14999389648438,627.6900024414062,58.75,29.908870697021484,41.76435089111328,45.00358200073242,58.122554779052734
2024-03-21 00:00:00-04:00,172.82000732421875,506.3644714355469,148.2074737548828,178.14999389648438,622.7100219726562,58.11000061035156,29.612350463867188,41.982078552246094,45.61843490600586,59.28249740600586
2024-03-22 00:00:00-04:00,170.8300018310547,508.179443359375,151.2266387939453,178.8699951171875,628.010009765625,56.97999954223633,29.256528854370117,42.130531311035156,45.21183776855469,58.78951644897461
2024-03-25 00:00:00-04:00,172.6300048828125,501.6374816894531,150.6088409423828,179.7100067138672,627.4600219726562,63.34000015258789,29.48386001586914,41.39817428588867,45.043243408203125,58.91518020629883
2024-03-26 00:00:00-04:00,177.6699981689453,494.527099609375,151.15687561035156,178.3000030517578,629.239990234375,61.93000030517578,29.50362777709961,41.5565185546875,45.54901885986328,59.60147476196289
2024-03-27 00:00:00-04:00,179.8300018310547,492.5026550292969,151.39601135253906,179.8300018310547,613.530029296875,61.189998626708984,30.600746154785156,43.318145751953125,46.91756820678711,60.655086517333984
2024-03-28 00:00:00-04:00,175.7899932861328,484.2453918457031,151.71487426757812,180.3800048828125,607.3300170898438,63.16999816894531,31.253089904785156,43.714012145996094,47.472923278808594,61.12873077392578
2024-04-01 00:00:00-04:00,175.22000122070312,489.9995422363281,155.939697265625,180.97000122070312,614.3099975585938,62.18000030517578,31.658329010009766,44.060401916503906,47.82001876831055,61.34138107299805
2024-04-02 00:00:00-04:00,166.6300048828125,496.0030212402344,155.3119354248047,180.69000244140625,614.2100219726562,58.70000076293945,32.06357192993164,43.486385345458984,46.51097106933594,60.74208068847656
2024-04-03 00:00:00-04:00,168.3800048828125,505.3472595214844,155.81015014648438,182.41000366210938,630.0800170898438,58.63999938964844,32.75545120239258,39.91366195678711,46.18370819091797,59.630470275878906
2024-04-04 00:00:00-04:00,171.11000061035156,509.5157775878906,151.39601135253906,180.0,617.1400146484375,61.040000915527344,32.399627685546875,39.31985092163086,45.49943161010742,58.87651443481445
2024-04-05 00:00:00-04:00,164.89999389648438,525.890625,153.3888702392578,185.07000732421875,636.1799926757812,59.9900016784668,33.44732666015625,38.31038284301758,45.677940368652344,59.54347229003906
2024-04-08 00:00:00-04:00,172.97999572753906,517.8228149414062,155.5809783935547,185.19000244140625,628.4099731445312,63.959999084472656,33.210113525390625,37.58791732788086,46.620052337646484,59.66913604736328
2024-04-09 00:00:00-04:00,176.8800048828125,515.4793701171875,157.57382202148438,185.6699981689453,618.2000122070312,61.45000076293945,33.783382415771484,37.934303283691406,46.92748260498047,59.60147476196289
2024-04-10 00:00:00-04:00,171.75999450683594,518.4013061523438,157.09555053710938,185.9499969482422,618.5800170898438,62.470001220703125,33.2891845703125,36.81597137451172,45.8564453125,58.1708869934082
2024-04-11 00:00:00-04:00,174.60000610351562,521.7221069335938,160.21434020996094,189.0500030517578,628.780029296875,62.790000915527344,34.05025100708008,37.24153137207031,47.23491668701172,58.683189392089844
2024-04-12 00:00:00-04:00,171.0500030517578,510.49310302734375,158.6200714111328,186.1300048828125,622.8300170898438,59.54999923706055,33.368255615234375,35.321556091308594,46.4713020324707,57.68758010864258
2024-04-15 00:00:00-04:00,161.47999572753906,498.8551940917969,155.77029418945312,183.6199951171875,607.1500244140625,56.380001068115234,33.14092254638672,35.935157775878906,46.26304244995117,56.6049690246582
2024-04-16 00:00:00-04:00,157.11000061035156,498.3864440917969,155.44149780273438,183.32000732421875,617.52001953125,55.880001068115234,32.646724700927734,35.88566970825195,46.16387176513672,55.11638259887695
2024-04-17 00:00:00-04:00,155.4499969482422,492.81182861328125,156.31834411621094,181.27999877929688,613.6900024414062,54.310001373291016,33.16069412231445,35.31166076660156,47.48284149169922,56.22798538208008
2024-04-18 00:00:00-04:00,149.92999267578125,500.42083740234375,156.89627075195312,179.22000122070312,610.5599975585938,56.58000183105469,33.35837173461914,34.67826843261719,47.45309066772461,56.37297821044922
2024-04-19 00:00:00-04:00,147.0500030517578,479.7478332519531,155.16249084472656,174.6300048828125,555.0399780273438,57.310001373291016,33.674659729003906,33.84693908691406,47.175411224365234,57.16560363769531
2024-04-22 00:00:00-04:00,142.0500030517578,480.4059753417969,157.38450622558594,177.22999572753906,554.5999755859375,59.2599983215332,32.15252685546875,34.054771423339844,48.61338424682617,58.91518020629883
2024-04-23 00:00:00-04:00,144.67999267578125,494.73651123046875,159.34744262695312,179.5399932861328,577.75,59.209999084472656,32.66649627685547,33.92611312866211,48.82164001464844,60.5777587890625
2024-04-24 00:00:00-04:00,162.1300048828125,492.1436462402344,160.5232391357422,176.58999633789062,555.1199951171875,56.900001525878906,32.73568344116211,34.14384078979492,47.54234313964844,60.384429931640625
2024-04-25 00:00:00-04:00,170.17999267578125,440.1669006347656,157.38450622558594,173.6699981689453,564.7999877929688,57.599998474121094,33.931644439697266,34.74754333496094,49.466251373291016,59.727134704589844
2024-04-26 00:00:00-04:00,168.2899932861328,442.0716857910156,173.0681610107422,179.6199951171875,561.22998046875,56.7400016784668,34.178741455078125,31.55088996887207,49.505916595458984,60.56808853149414
2024-04-29 00:00:00-04:00,194.0500030517578,431.4309387207031,167.29885864257812,180.9600067138672,559.489990234375,56.060001373291016,34.366539001464844,31.036258697509766,50.031524658203125,60.18143844604492
2024-04-30 00:00:00-04:00,183.27999877929688,428.98773193359375,164.05055236816406,175.0,550.6400146484375,52.5099983215332,32.745567321777344,30.155445098876953,49.6546745300293,59.28249740600586
2024-05-01 00:00:00-04:00,179.99000549316406,437.9829406738281,164.97723388671875,179.0,551.7100219726562,50.63999938964844,32.9333610534668,30.05647850036621,49.60508728027344,59.301822662353516
2024-05-02 00:00:00-04:00,180.00999450683594,440.466064453125,167.8568878173828,184.72000122070312,565.1500244140625,52.86000061035156,33.190345764160156,30.195032119750977,50.60670852661133,59.48548126220703
2024-05-03 00:00:00-04:00,181.19000244140625,450.7178039550781,168.3849639892578,186.2100067138672,579.3400268554688,55.31999969482422,33.05196762084961,30.581005096435547,51.122398376464844,59.98273468017578
2024-05-06 00:00:00-04:00,184.75999450683594,464.4001159667969,169.2219696044922,188.6999969482422,596.969970703125,56.2400016784668,33.81303405761719,30.774776458740234,52.49095153808594,61.240501403808594
2024-05-07 00:00:00-04:00,177.80999755859375,466.9530944824219,172.36068725585938,188.75999450683594,606.0,56.11000061035156,33.77349853515625,30.486604690551758,51.76700973510742,60.45074462890625
2024-05-08 00:00:00-04:00,174.72000122070312,471.3011169433594,170.5471954345703,188.0,609.469970703125,55.29999923706055,33.763614654541016,29.81089210510254,51.84634017944336,61.182003021240234
2024-05-09 00:00:00-04:00,171.97000122070312,474.11334228515625,170.9656982421875,189.5,612.0900268554688,55.56999969482422,34.94969177246094,29.90032386779785,52.31244659423828,61.73775863647461
2024-05-10 00:00:00-04:00,168.47000122070312,474.8912048339844,169.68031311035156,187.47999572753906,610.8699951171875,53.9900016784668,34.840965270996094,29.66183853149414,52.1636848449707,61.942508697509766
2024-05-13 00:00:00-04:00,171.88999938964844,466.7237243652344,170.2881317138672,186.57000732421875,616.5900268554688,56.189998626708984,34.54444885253906,30.317676544189453,52.650550842285156,61.81576156616211
2024-05-14 00:00:00-04:00,177.5500030517578,470.5531311035156,171.31443786621094,187.07000732421875,613.6599731445312,54.779998779296875,34.989227294921875,30.854272842407227,52.72010040283203,62.00101089477539
2024-05-15 00:00:00-04:00,173.99000549316406,480.2165222167969,173.25747680664062,185.99000549316406,613.52001953125,58.81999969482422,35.493309020996094,31.072887420654297,52.918819427490234,62.634765625
2024-05-16 00:00:00-04:00,174.83999633789062,471.9293518066406,174.8019256591797,183.6300048828125,610.52001953125,58.02000045776367,35.24620819091797,31.828094482421875,52.173622131347656,62.537269592285156
2024-05-17 00:00:00-04:00,177.4600067138672,470.6130065917969,176.65525817871094,184.6999969482422,621.0999755859375,59.72999954223633,36.442169189453125,31.629356384277344,52.36240768432617,62.469017028808594
2024-05-20 00:00:00-04:00,174.9499969482422,467.5514221191406,177.8210906982422,183.5399932861328,640.8200073242188,62.400001525878906,36.80787658691406,31.897653579711914,52.650550842285156,61.58175277709961
2024-05-21 00:00:00-04:00,186.60000610351562,463.3529968261719,178.89720153808594,183.14999389648438,650.6099853515625,61.599998474121094,36.50147247314453,31.5399227142334,51.895416259765625,63.12227249145508
2024-05-22 00:00:00-04:00,180.11000061035156,466.49432373046875,177.3627166748047,183.1300048828125,640.469970703125,61.95000076293945,35.03864669799805,31.221940994262695,51.24958419799805,62.22526550292969
2024-05-23 00:00:00-04:00,173.74000549316406,464.4998474121094,174.4332275390625,181.0500030517578,635.6699829101562,59.70000076293945,34.34676742553711,29.8903865814209,50.87201690673828,61.445255279541016
2024-05-24 00:00:00-04:00,179.24000549316406,476.9056396484375,175.69869995117188,180.75,646.75,61.529998779296875,34.85084915161133,30.526351928710938,51.50791549682617,61.99126052856445
2024-05-28 00:00:00-04:00,176.75,478.6009826660156,177.3826446533203,182.14999389648438,649.0,60.779998779296875,35.68110275268555,30.86421012878418,49.957908630371094,60.889495849609375
2024-05-29 00:00:00-04:00,176.19000244140625,473.0562438964844,176.76486206054688,182.02000427246094,654.6199951171875,59.709999084472656,34.78166198730469,29.94007110595703,49.580345153808594,60.46049118041992
2024-05-30 00:00:00-04:00,178.7899932861328,465.7663269042969,172.93861389160156,179.32000732421875,647.6599731445312,61.040000915527344,35.147369384765625,29.99969482421875,49.78900146484375,60.38249206542969
2024-05-31 00:00:00-04:00,178.0800018310547,465.54693603515625,173.33718872070312,176.44000244140625,641.6199951171875,60.09000015258789,34.890384674072266,30.655534744262695,50.69316864013672,60.75299835205078
2024-06-03 00:00:00-04:00,176.2899932861328,476.1776428222656,173.79554748535156,178.33999633789062,633.7899780273438,61.5099983215332,35.09794998168945,30.099063873291016,50.46464538574219,60.37274169921875
2024-06-04 00:00:00-04:00,174.77000427246094,475.67901611328125,174.50299072265625,179.33999633789062,631.6199951171875,62.619998931884766,33.783382415771484,29.8407039642334,49.54059982299805,59.504981994628906
2024-06-05 00:00:00-04:00,175.0,493.6993713378906,176.43605041503906,181.27999877929688,650.27001953125,63.349998474121094,34.38630676269531,30.585975646972656,50.494449615478516,60.22649002075195
2024-06-06 00:00:00-04:00,177.94000244140625,492.4029541015625,177.7114715576172,185.0,648.52001953125,62.630001068115234,35.59214782714844,30.22824478149414,50.10694885253906,60.392242431640625
2024-06-07 00:00:00-04:00,177.47999572753906,491.6051330566406,175.32005310058594,184.3000030517578,641.469970703125,61.47999954223633,33.15081024169922,30.546226501464844,50.11688232421875,60.236236572265625
2024-06-10 00:00:00-04:00,173.7899932861328,501.2186584472656,176.19790649414062,187.05999755859375,644.5,61.72999954223633,33.63512420654297,30.71515464782715,50.1765022277832,59.89498519897461
2024-06-11 00:00:00-04:00,170.66000366210938,506.0752868652344,177.75408935546875,187.22999572753906,648.5499877929688,59.880001068115234,33.35837173461914,30.7250919342041,48.9742546081543,57.66221237182617
2024-06-12 00:00:00-04:00,177.2899932861328,507.44146728515625,179.1207275390625,186.88999938964844,650.0599975585938,59.95000076293945,33.605472564697266,30.56610107421875,50.29573059082031,58.510467529296875
2024-06-13 00:00:00-04:00,182.47000122070312,502.71453857421875,176.30764770507812,183.8300018310547,653.260009765625,59.13999938964844,32.76533508300781,30.26799201965332,49.84861373901367,58.72496795654297
2024-06-14 00:00:00-04:00,178.00999450683594,503.2735595703125,177.9336395263672,183.66000366210938,669.3800048828125,58.18000030517578,33.022315979003906,30.258056640625,48.40790557861328,57.84746170043945
2024-06-17 00:00:00-04:00,187.44000244140625,505.73919677734375,178.34263610839844,184.05999755859375,675.8300170898438,59.209999084472656,32.814754486083984,30.784713745117188,49.39155960083008,58.55921936035156
2024-06-18 00:00:00-04:00,184.86000061035156,498.6117248535156,176.01834106445312,182.80999755859375,685.6699829101562,57.18000030517578,33.30895233154297,30.436920166015625,49.262393951416016,59.261226654052734
2024-06-20 00:00:00-04:00,181.57000732421875,500.81787109375,177.2752685546875,186.10000610351562,679.030029296875,57.72999954223633,34.14908981323242,30.426984786987305,49.29220199584961,59.105224609375
2024-06-21 00:00:00-04:00,183.00999450683594,493.9100341796875,179.81900024414062,189.0800018310547,686.1199951171875,57.040000915527344,33.59558868408203,30.894020080566406,49.06367874145508,58.490966796875
2024-06-24 00:00:00-04:00,182.5800018310547,498.03277587890625,180.34771728515625,185.57000732421875,669.02001953125,52.61000061035156,33.852569580078125,30.37729835510254,49.08354949951172,59.80723190307617
2024-06-25 00:00:00-04:00,187.35000610351562,509.7022399902344,185.12600708007812,186.33999633789062,672.4099731445312,55.02000045776367,33.44732666015625,30.546226501464844,48.49732971191406,60.04124069213867
2024-06-26 00:00:00-04:00,196.3699951171875,512.2177734375,184.91650390625,193.61000061035156,677.6900024414062,54.130001068115234,33.42755889892578,30.347488403320312,47.871360778808594,59.719482421875
2024-06-27 00:00:00-04:00,197.4199981689453,518.6464233398438,186.4028778076172,197.85000610351562,684.3400268554688,54.52000045776367,33.832801818847656,30.397172927856445,48.28866958618164,60.01198959350586
2024-06-28 00:00:00-04:00,197.8800048828125,503.33343505859375,182.97128295898438,193.25,674.8800048828125,53.2400016784668,33.536285400390625,30.774776458740234,47.13610076904297,61.87425994873047
